"midterm","final","project","attendance","eligible_beasiswa","non_akademik","konsistensi","magang_awal"
59,100,78,65,0,0,"Naik",0
71,64,65,66,0,0,"Turun",0
45,35,35,72,0,0,"Turun",0
37,39,45,40,0,0,"Konsisten",0
78,58,58,99,0,0,"Turun",0
94,54,77,66,0,0,"Turun",0
67,63,61,71,0,0,"Konsisten",0
49,31,33,49,0,0,"Turun",0
33,30,35,74,0,0,"Konsisten",0
100,60,64,72,0,0,"Turun",0
62,59,98,80,0,0,"Konsisten",0
45,31,48,63,0,0,"Turun",0
41,48,48,34,0,0,"Naik",0
71,56,90,70,0,0,"Turun",0
99,56,86,96,0,0,"Turun",0
69,63,98,74,0,0,"Turun",0
98,73,88,80,0,0,"Turun",0
70,65,71,80,0,0,"Konsisten",0
75,62,67,83,0,0,"Turun",0
89,71,88,81,0,0,"Turun",0
94,55,91,89,0,0,"Turun",0
51,93,79,87,0,0,"Naik",0
91,97,96,79,0,0,"Naik",0
77,83,76,87,0,0,"Naik",0
98,67,84,60,0,0,"Turun",0
57,98,96,73,0,0,"Naik",0
63,55,56,87,0,0,"Turun",0
64,66,87,68,0,1,"Konsisten",0
68,75,82,68,0,0,"Naik",0
49,49,44,56,0,0,"Konsisten",0
93,66,79,69,0,0,"Turun",0
74,74,62,86,0,0,"Konsisten",0
60,61,64,92,0,0,"Konsisten",0
74,75,97,97,1,0,"Konsisten",1
43,47,34,49,0,0,"Konsisten",0
96,81,57,77,0,0,"Turun",0
31,43,39,48,0,0,"Naik",0
89,88,95,62,0,0,"Konsisten",0
60,74,97,80,0,0,"Naik",0
64,69,53,63,0,0,"Konsisten",0
94,57,69,94,0,0,"Turun",0
44,46,40,66,0,0,"Konsisten",0
90,54,68,96,0,0,"Turun",0
76,83,81,71,0,0,"Naik",0
53,91,64,77,0,0,"Naik",0
82,70,84,68,0,0,"Turun",0
97,50,93,67,0,1,"Turun",0
76,68,64,85,0,0,"Turun",0
95,50,99,98,0,0,"Turun",0
68,56,84,87,0,0,"Turun",0
78,89,79,83,0,0,"Naik",0
48,48,38,51,0,0,"Konsisten",0
57,81,87,61,0,0,"Naik",0
75,88,63,96,0,0,"Naik",0
37,45,45,54,0,0,"Naik",0
62,64,84,71,0,0,"Konsisten",0
57,86,63,100,0,0,"Naik",0
94,57,50,66,0,0,"Turun",0
78,76,76,92,0,0,"Konsisten",0
54,63,76,75,0,0,"Naik",0
83,59,66,90,0,0,"Turun",0
67,77,83,78,0,0,"Naik",0
70,52,70,87,0,0,"Turun",0
30,31,43,41,0,0,"Konsisten",0
66,69,73,80,0,0,"Konsisten",0
37,36,41,46,0,0,"Konsisten",0
94,98,99,81,0,0,"Konsisten",0
32,48,33,50,0,0,"Naik",0
54,69,53,66,0,0,"Naik",0
53,75,92,97,1,0,"Naik",1
38,30,31,49,0,0,"Turun",0
55,99,83,98,1,0,"Naik",1
94,93,60,86,0,0,"Konsisten",0
99,50,60,69,0,0,"Turun",0
99,79,99,100,1,0,"Turun",1
99,71,60,94,0,0,"Turun",0
68,100,90,84,0,0,"Naik",0
73,66,80,82,0,0,"Turun",0
82,58,64,71,0,0,"Turun",0
89,88,83,67,0,0,"Konsisten",0
100,75,81,88,1,0,"Turun",1
89,86,100,94,1,0,"Konsisten",1
97,61,83,76,0,0,"Turun",0
69,89,98,62,0,0,"Naik",0
53,52,63,65,0,0,"Konsisten",0
69,57,77,88,0,0,"Turun",0
67,87,57,79,0,0,"Naik",0
73,69,99,74,0,0,"Konsisten",0
80,85,95,86,1,0,"Konsisten",1
70,58,99,88,0,0,"Turun",0
92,67,85,88,0,0,"Turun",0
56,99,72,84,0,0,"Naik",0
64,99,95,88,1,0,"Naik",1
70,57,70,88,0,0,"Turun",0
56,95,68,75,0,0,"Naik",0
98,94,72,66,0,0,"Konsisten",0
59,100,80,67,0,0,"Naik",0
63,82,64,76,0,0,"Naik",0
38,44,42,38,0,0,"Naik",0
84,78,71,90,0,0,"Turun",0
86,80,75,96,0,0,"Turun",0
30,49,48,36,0,0,"Naik",0
51,87,69,73,0,0,"Naik",0
57,59,63,88,0,0,"Konsisten",0
93,71,83,85,0,0,"Turun",0
77,81,69,96,0,0,"Konsisten",0
46,33,41,43,0,0,"Turun",0
39,46,37,33,0,0,"Naik",0
67,56,81,99,0,0,"Turun",0
90,78,69,66,0,0,"Turun",0
100,83,95,61,0,0,"Turun",0
100,56,66,96,0,0,"Turun",0
82,61,85,87,0,0,"Turun",0
53,63,99,88,0,0,"Naik",0
36,46,30,68,0,0,"Naik",0
97,57,53,75,0,0,"Turun",0
76,99,72,61,0,0,"Naik",0
50,67,80,78,0,0,"Naik",0
59,94,62,60,0,0,"Naik",0
72,62,68,95,0,0,"Turun",0
56,95,54,70,0,0,"Naik",0
84,58,59,89,0,0,"Turun",0
81,67,53,66,0,0,"Turun",0
49,41,42,73,0,0,"Turun",0
48,32,45,38,0,0,"Turun",0
54,91,90,90,1,0,"Naik",1
37,43,43,54,0,0,"Naik",0
63,70,94,96,0,0,"Naik",0
95,76,74,87,0,0,"Turun",0
44,43,40,37,0,0,"Konsisten",0
60,99,54,89,0,0,"Naik",0
80,64,97,60,0,1,"Turun",0
76,85,85,65,0,0,"Naik",0
69,73,62,86,0,0,"Konsisten",0
59,60,87,82,0,0,"Konsisten",0
88,100,51,66,0,0,"Naik",0
87,92,95,95,1,0,"Konsisten",1
33,36,37,64,0,0,"Konsisten",0
70,69,91,84,0,0,"Konsisten",0
76,79,85,60,0,0,"Konsisten",0
69,100,63,81,0,0,"Naik",0
89,79,94,89,1,0,"Turun",1
74,90,71,80,0,0,"Naik",0
33,39,48,40,0,0,"Naik",0
82,52,83,66,0,0,"Turun",0
43,32,32,70,0,0,"Turun",0
57,64,69,85,0,0,"Naik",0
36,47,35,49,0,0,"Naik",0
58,61,83,64,0,0,"Konsisten",0
99,56,72,98,0,0,"Turun",0
76,81,72,76,0,0,"Konsisten",0
63,57,92,84,0,0,"Turun",0
82,88,63,63,0,0,"Naik",0
84,56,70,67,0,0,"Turun",0
70,58,96,72,0,0,"Turun",0
71,87,68,72,0,0,"Naik",0
58,80,80,67,0,0,"Naik",0
69,75,86,83,0,0,"Naik",0
86,56,79,74,0,0,"Turun",0
87,93,94,93,1,0,"Naik",1
96,67,56,64,0,0,"Turun",0
77,63,52,70,0,0,"Turun",0
37,30,39,35,0,0,"Turun",0
89,86,97,67,0,0,"Konsisten",0
91,75,64,94,0,0,"Turun",0
85,88,91,100,1,0,"Konsisten",1
77,97,54,61,0,0,"Naik",0
40,36,32,68,0,0,"Konsisten",0
84,62,64,87,0,0,"Turun",0
100,51,60,72,0,0,"Turun",0
64,69,52,93,0,0,"Konsisten",0
62,96,53,90,0,0,"Naik",0
75,67,73,72,0,0,"Turun",0
74,98,99,71,0,0,"Naik",0
75,50,57,65,0,0,"Turun",0
81,72,77,68,0,0,"Turun",0
36,38,44,71,0,0,"Konsisten",0
55,72,69,64,0,0,"Naik",0
77,63,78,73,0,0,"Turun",0
50,87,77,76,0,0,"Naik",0
70,94,76,81,0,0,"Naik",0
90,64,71,98,0,0,"Turun",0
58,84,51,100,0,0,"Naik",0
72,72,66,95,0,0,"Konsisten",0
74,90,71,77,0,0,"Naik",0
87,51,92,71,0,0,"Turun",0
92,93,90,81,0,0,"Konsisten",0
85,78,77,74,0,0,"Turun",0
73,95,90,100,1,0,"Naik",1
56,98,89,78,0,0,"Naik",0
90,90,68,82,0,0,"Konsisten",0
75,80,81,71,0,0,"Konsisten",0
77,84,61,61,0,0,"Naik",0
68,75,97,70,0,0,"Naik",0
72,52,66,97,0,0,"Turun",0
75,64,97,88,0,0,"Turun",0
59,57,62,64,0,0,"Konsisten",0
65,74,77,75,0,0,"Naik",0
88,93,79,60,0,0,"Konsisten",0
78,75,68,97,0,0,"Konsisten",0
63,99,77,85,0,0,"Naik",0
64,55,64,97,0,0,"Turun",0
38,49,47,32,0,0,"Naik",0
85,96,50,63,0,0,"Naik",0
63,59,81,100,0,0,"Konsisten",0
98,51,60,98,0,0,"Turun",0
95,59,80,74,0,0,"Turun",0
72,63,100,91,0,0,"Turun",0
56,95,52,73,0,0,"Naik",0
84,52,82,64,0,0,"Turun",0
82,62,56,76,0,0,"Turun",0
37,33,33,51,0,0,"Konsisten",0
38,42,38,50,0,0,"Konsisten",0
62,75,91,97,1,0,"Naik",1
85,74,82,98,0,0,"Turun",0
65,76,98,65,0,0,"Naik",0
100,87,69,68,0,0,"Turun",0
93,69,72,65,0,0,"Turun",0
51,93,65,89,0,0,"Naik",0
87,72,66,83,0,0,"Turun",0
82,68,92,67,0,1,"Turun",0
38,31,47,67,0,0,"Turun",0
80,64,98,66,0,1,"Turun",0
60,69,80,92,0,0,"Naik",0
52,92,85,75,0,0,"Naik",0
59,88,79,85,0,0,"Naik",0
79,64,70,71,0,0,"Turun",0
93,52,89,71,0,0,"Turun",0
39,40,48,47,0,0,"Konsisten",0
98,96,68,66,0,0,"Konsisten",0
96,74,93,85,0,0,"Turun",0
95,92,72,89,0,0,"Konsisten",0
71,82,95,93,1,0,"Naik",1
59,51,87,97,0,0,"Turun",0
67,100,87,75,0,0,"Naik",0
82,70,78,94,0,0,"Turun",0
87,59,97,90,0,0,"Turun",0
53,73,76,82,0,0,"Naik",0
65,68,95,85,0,0,"Konsisten",0
78,69,59,94,0,0,"Turun",0
36,37,39,50,0,0,"Konsisten",0
72,50,79,67,0,0,"Turun",0
80,70,55,76,0,0,"Turun",0
42,34,44,32,0,0,"Turun",0
65,62,63,100,0,0,"Konsisten",0
71,71,85,91,0,0,"Konsisten",0
91,80,84,75,0,0,"Turun",0
77,66,94,72,0,0,"Turun",0
54,67,52,96,0,0,"Naik",0
65,74,98,90,0,0,"Naik",0
47,44,49,32,0,0,"Konsisten",0
95,60,54,96,0,0,"Turun",0
88,69,56,70,0,0,"Turun",0
74,71,59,67,0,0,"Konsisten",0
81,71,59,98,0,0,"Turun",0
100,100,73,79,0,0,"Konsisten",0
58,96,68,85,0,0,"Naik",0
35,35,33,55,0,0,"Konsisten",0
47,44,40,51,0,0,"Konsisten",0
98,70,68,86,0,0,"Turun",0
49,44,36,34,0,0,"Konsisten",0
94,56,58,60,0,0,"Turun",0
35,33,32,43,0,0,"Konsisten",0
95,87,78,72,0,0,"Turun",0
93,54,97,93,0,0,"Turun",0
77,87,95,71,0,0,"Naik",0
87,73,99,83,0,0,"Turun",0
75,66,53,100,0,0,"Turun",0
40,49,46,74,0,0,"Naik",0
100,84,96,97,1,0,"Turun",1
85,83,94,90,1,0,"Konsisten",1
99,76,67,78,0,0,"Turun",0
62,72,94,86,0,0,"Naik",0
32,33,30,52,0,0,"Konsisten",0
90,84,63,85,0,0,"Turun",0
70,90,58,87,0,0,"Naik",0
40,43,47,42,0,0,"Konsisten",0
48,39,38,33,0,0,"Turun",0
81,50,90,90,0,0,"Turun",0
77,85,61,87,0,0,"Naik",0
93,73,55,67,0,0,"Turun",0
83,68,95,81,0,0,"Turun",0
33,40,37,46,0,0,"Naik",0
76,89,52,89,0,0,"Naik",0
84,55,61,66,0,0,"Turun",0
81,56,98,61,0,1,"Turun",0
68,59,63,88,0,0,"Turun",0
31,47,37,54,0,0,"Naik",0
48,37,48,61,0,0,"Turun",0
79,96,51,89,0,0,"Naik",0
30,32,38,66,0,0,"Konsisten",0
91,53,66,79,0,0,"Turun",0
77,91,98,64,0,0,"Naik",0
81,86,55,88,0,0,"Konsisten",0
82,89,94,67,0,0,"Naik",0
67,87,71,92,0,0,"Naik",0
50,94,59,82,0,0,"Naik",0
69,95,63,66,0,0,"Naik",0
33,30,38,53,0,0,"Konsisten",0
90,85,72,88,0,0,"Konsisten",0
83,62,85,85,0,0,"Turun",0
54,89,87,99,1,0,"Naik",1
41,49,45,32,0,0,"Naik",0
38,34,48,42,0,0,"Konsisten",0
67,52,68,93,0,0,"Turun",0
68,58,57,69,0,0,"Turun",0
61,64,71,65,0,0,"Konsisten",0
56,54,87,66,0,1,"Konsisten",0
60,81,86,62,0,0,"Naik",0
68,79,50,79,0,0,"Naik",0
66,72,76,90,0,0,"Naik",0
54,61,64,100,0,0,"Naik",0
78,60,94,90,0,0,"Turun",0
72,100,77,64,0,0,"Naik",0
81,82,60,92,0,0,"Konsisten",0
90,75,99,62,0,0,"Turun",0
81,81,51,69,0,0,"Konsisten",0
64,59,73,93,0,0,"Konsisten",0
95,79,59,77,0,0,"Turun",0
45,48,49,68,0,0,"Konsisten",0
89,61,79,85,0,0,"Turun",0
84,88,79,67,0,0,"Konsisten",0
71,77,91,75,0,0,"Naik",0
44,30,44,63,0,0,"Turun",0
82,87,100,94,1,0,"Konsisten",1
93,62,63,88,0,0,"Turun",0
75,51,70,63,0,0,"Turun",0
31,40,36,52,0,0,"Naik",0
71,75,53,81,0,0,"Konsisten",0
96,68,59,84,0,0,"Turun",0
76,82,51,83,0,0,"Naik",0
33,33,30,45,0,0,"Konsisten",0
53,66,81,67,0,0,"Naik",0
95,75,81,73,0,0,"Turun",0
69,76,65,90,0,0,"Naik",0
81,54,66,84,0,0,"Turun",0
97,69,83,100,0,0,"Turun",0
75,70,92,76,0,0,"Konsisten",0
85,54,98,96,0,0,"Turun",0
87,52,61,84,0,0,"Turun",0
62,91,78,92,0,0,"Naik",0
94,71,97,80,0,0,"Turun",0
92,69,68,79,0,0,"Turun",0
87,86,90,87,1,0,"Konsisten",1
77,59,96,61,0,1,"Turun",0
39,44,41,58,0,0,"Konsisten",0
89,95,66,91,0,0,"Naik",0
46,46,48,75,0,0,"Konsisten",0
77,78,64,61,0,0,"Konsisten",0
53,97,57,69,0,0,"Naik",0
82,79,58,73,0,0,"Konsisten",0
90,93,54,91,0,0,"Konsisten",0
85,53,76,86,0,0,"Turun",0
56,72,71,98,0,0,"Naik",0
54,68,88,93,0,0,"Naik",0
73,86,64,90,0,0,"Naik",0
70,58,57,86,0,0,"Turun",0
58,99,74,65,0,0,"Naik",0
74,97,64,100,0,0,"Naik",0
81,61,76,63,0,0,"Turun",0
89,86,71,92,0,0,"Konsisten",0
100,90,88,73,0,0,"Turun",0
80,83,73,65,0,0,"Konsisten",0
100,81,72,83,0,0,"Turun",0
81,63,70,97,0,0,"Turun",0
100,91,76,94,0,0,"Turun",0
45,38,37,38,0,0,"Turun",0
67,97,92,96,1,0,"Naik",1
33,32,37,69,0,0,"Konsisten",0
61,83,51,63,0,0,"Naik",0
84,93,83,75,0,0,"Naik",0
33,45,31,31,0,0,"Naik",0
90,85,96,81,0,0,"Konsisten",0
99,77,87,71,0,0,"Turun",0
97,74,63,69,0,0,"Turun",0
64,88,70,87,0,0,"Naik",0
80,86,51,66,0,0,"Naik",0
99,71,85,93,0,0,"Turun",0
71,50,56,89,0,0,"Turun",0
60,79,93,82,0,0,"Naik",0
67,69,97,73,0,0,"Konsisten",0
80,86,83,84,0,0,"Naik",0
78,92,93,63,0,0,"Naik",0
85,100,99,68,0,0,"Naik",0
95,83,99,72,0,0,"Turun",0
100,62,70,88,0,0,"Turun",0
70,76,53,81,0,0,"Naik",0
33,38,39,54,0,0,"Konsisten",0
80,51,99,63,0,1,"Turun",0
90,83,69,72,0,0,"Turun",0
67,91,51,100,0,0,"Naik",0
54,54,93,68,0,1,"Konsisten",0
99,64,73,99,0,0,"Turun",0
59,56,64,85,0,0,"Konsisten",0
80,72,92,86,0,0,"Turun",0
65,73,99,97,0,0,"Naik",0
85,84,96,95,1,0,"Konsisten",1
69,77,74,77,0,0,"Naik",0
74,80,80,82,0,0,"Naik",0
53,84,51,61,0,0,"Naik",0
73,97,84,92,1,0,"Naik",1
66,86,58,63,0,0,"Naik",0
73,60,92,93,0,0,"Turun",0
58,69,63,63,0,0,"Naik",0
54,85,57,73,0,0,"Naik",0
80,73,51,97,0,0,"Turun",0
72,84,90,64,0,0,"Naik",0
66,60,81,94,0,0,"Turun",0
84,73,53,82,0,0,"Turun",0
76,61,65,85,0,0,"Turun",0
67,88,87,71,0,0,"Naik",0
61,85,72,61,0,0,"Naik",0
82,60,85,82,0,0,"Turun",0
93,89,69,71,0,0,"Konsisten",0
58,53,88,70,0,0,"Konsisten",0
79,63,96,66,0,1,"Turun",0
65,50,85,69,0,1,"Turun",0
40,34,37,37,0,0,"Turun",0
96,50,80,88,0,0,"Turun",0
80,70,88,100,0,0,"Turun",0
68,61,54,70,0,0,"Turun",0
53,70,90,92,0,0,"Naik",0
63,96,81,81,0,0,"Naik",0
85,100,60,90,0,0,"Naik",0
72,95,72,80,0,0,"Naik",0
69,64,70,75,0,0,"Konsisten",0
75,74,53,70,0,0,"Konsisten",0
79,69,57,72,0,0,"Turun",0
54,58,53,68,0,0,"Konsisten",0
53,69,92,78,0,0,"Naik",0
60,63,100,96,0,0,"Konsisten",0
82,81,90,77,0,0,"Konsisten",0
92,67,67,63,0,0,"Turun",0
70,77,65,73,0,0,"Naik",0
47,33,48,33,0,0,"Turun",0
91,54,83,61,0,0,"Turun",0
62,62,69,76,0,0,"Konsisten",0
38,31,48,67,0,0,"Turun",0
74,92,90,77,0,0,"Naik",0
47,48,43,52,0,0,"Konsisten",0
66,50,52,90,0,0,"Turun",0
83,66,64,65,0,0,"Turun",0
78,56,92,78,0,0,"Turun",0
34,40,31,45,0,0,"Naik",0
72,68,51,83,0,0,"Konsisten",0
73,87,86,97,1,0,"Naik",1
61,51,87,63,0,1,"Turun",0
54,58,95,69,0,1,"Konsisten",0
47,40,47,51,0,0,"Turun",0
100,73,62,61,0,0,"Turun",0
88,50,83,98,0,0,"Turun",0
100,79,58,60,0,0,"Turun",0
50,67,64,86,0,0,"Naik",0
73,65,67,84,0,0,"Turun",0
81,92,91,65,0,0,"Naik",0
66,88,62,73,0,0,"Naik",0
32,34,40,68,0,0,"Konsisten",0
60,87,66,93,0,0,"Naik",0
67,75,93,84,0,0,"Naik",0
63,64,85,96,0,0,"Konsisten",0
91,63,62,84,0,0,"Turun",0
75,82,68,71,0,0,"Naik",0
86,71,78,63,0,0,"Turun",0
33,40,40,52,0,0,"Naik",0
40,42,39,37,0,0,"Konsisten",0
72,56,79,87,0,0,"Turun",0
78,65,75,85,0,0,"Turun",0
58,66,75,77,0,0,"Naik",0
99,98,82,75,0,0,"Konsisten",0
98,97,73,80,0,0,"Konsisten",0
96,95,70,71,0,0,"Konsisten",0
40,46,41,40,0,0,"Naik",0
95,84,90,61,0,0,"Turun",0
86,56,89,88,0,0,"Turun",0
94,93,82,73,0,0,"Konsisten",0
47,31,47,54,0,0,"Turun",0
67,98,64,67,0,0,"Naik",0
72,59,58,82,0,0,"Turun",0
65,84,84,93,1,0,"Naik",1
89,69,53,89,0,0,"Turun",0
62,58,65,65,0,0,"Konsisten",0
92,63,59,78,0,0,"Turun",0
72,97,57,96,0,0,"Naik",0
75,63,76,79,0,0,"Turun",0
69,87,93,68,0,0,"Naik",0
71,92,83,78,0,0,"Naik",0
43,41,30,45,0,0,"Konsisten",0
88,62,66,85,0,0,"Turun",0
74,77,67,76,0,0,"Konsisten",0
99,97,90,83,0,0,"Konsisten",0
87,77,94,64,0,0,"Turun",0
53,98,83,85,1,0,"Naik",1
51,72,69,89,0,0,"Naik",0
84,84,51,85,0,0,"Konsisten",0
93,56,86,87,0,0,"Turun",0
96,77,93,95,1,0,"Turun",1
38,36,30,61,0,0,"Konsisten",0
61,62,89,85,0,0,"Konsisten",0
94,75,66,89,0,0,"Turun",0
57,69,95,92,0,0,"Naik",0
56,60,63,89,0,0,"Konsisten",0
90,73,55,94,0,0,"Turun",0
50,50,86,91,0,0,"Konsisten",0
63,94,90,75,0,0,"Naik",0
96,95,87,64,0,0,"Konsisten",0
62,89,53,66,0,0,"Naik",0
70,60,51,71,0,0,"Turun",0
86,81,92,72,0,0,"Konsisten",0
48,40,31,33,0,0,"Turun",0
92,66,84,88,0,0,"Turun",0
74,89,73,94,0,0,"Naik",0
82,58,65,90,0,0,"Turun",0
99,99,69,83,0,0,"Konsisten",0
67,86,75,84,0,0,"Naik",0
67,86,59,69,0,0,"Naik",0
36,49,37,67,0,0,"Naik",0
48,38,41,42,0,0,"Turun",0
94,95,82,62,0,0,"Konsisten",0
35,41,37,50,0,0,"Naik",0
96,100,78,95,0,0,"Konsisten",0
57,59,75,77,0,0,"Konsisten",0
71,55,83,79,0,0,"Turun",0
83,53,79,91,0,0,"Turun",0
72,66,93,75,0,0,"Turun",0
36,47,42,69,0,0,"Naik",0
51,52,92,70,0,0,"Konsisten",0
64,87,76,62,0,0,"Naik",0
58,72,67,89,0,0,"Naik",0
87,67,73,64,0,0,"Turun",0
39,35,32,43,0,0,"Konsisten",0
66,68,68,69,0,0,"Konsisten",0
91,54,90,71,0,0,"Turun",0
94,80,68,89,0,0,"Turun",0
82,99,96,77,0,0,"Naik",0
67,63,50,82,0,0,"Konsisten",0
60,76,89,60,0,0,"Naik",0
41,34,49,57,0,0,"Turun",0
97,94,54,95,0,0,"Konsisten",0
82,72,98,84,0,0,"Turun",0
96,50,61,91,0,0,"Turun",0
58,80,69,76,0,0,"Naik",0
92,89,88,61,0,0,"Konsisten",0
66,76,50,67,0,0,"Naik",0
62,96,86,88,1,0,"Naik",1
33,38,32,38,0,0,"Konsisten",0
88,69,69,68,0,0,"Turun",0
91,74,51,91,0,0,"Turun",0
88,92,63,86,0,0,"Konsisten",0
51,95,67,83,0,0,"Naik",0
90,57,68,65,0,0,"Turun",0
62,77,99,90,1,0,"Naik",1
98,62,56,94,0,0,"Turun",0
67,97,79,94,0,0,"Naik",0
74,69,71,70,0,0,"Konsisten",0
91,58,95,68,0,1,"Turun",0
32,45,32,65,0,0,"Naik",0
82,61,64,93,0,0,"Turun",0
96,55,55,69,0,0,"Turun",0
86,65,51,81,0,0,"Turun",0
86,73,91,69,0,1,"Turun",0
69,65,79,85,0,0,"Konsisten",0
56,76,85,68,0,0,"Naik",0
83,57,50,75,0,0,"Turun",0
89,51,66,93,0,0,"Turun",0
83,50,50,97,0,0,"Turun",0
46,43,39,30,0,0,"Konsisten",0
98,56,61,76,0,0,"Turun",0
69,87,75,75,0,0,"Naik",0
62,99,95,85,1,0,"Naik",1
30,34,44,34,0,0,"Konsisten",0
85,91,70,70,0,0,"Naik",0
62,89,53,72,0,0,"Naik",0
79,69,89,66,0,1,"Turun",0
85,62,52,81,0,0,"Turun",0
96,93,87,96,1,0,"Konsisten",1
62,97,89,79,0,0,"Naik",0
79,89,90,80,0,0,"Naik",0
99,94,57,95,0,0,"Konsisten",0
78,73,77,81,0,0,"Konsisten",0
83,96,99,100,1,0,"Naik",1
97,79,67,76,0,0,"Turun",0
90,100,55,78,0,0,"Naik",0
88,78,78,69,0,0,"Turun",0
86,92,81,69,0,0,"Naik",0
85,95,52,62,0,0,"Naik",0
71,68,95,82,0,0,"Konsisten",0
37,48,32,33,0,0,"Naik",0
59,77,65,70,0,0,"Naik",0
86,71,76,95,0,0,"Turun",0
33,37,46,33,0,0,"Konsisten",0
100,80,54,92,0,0,"Turun",0
67,57,83,99,0,0,"Turun",0
48,33,45,49,0,0,"Turun",0
41,31,34,51,0,0,"Turun",0
99,98,53,94,0,0,"Konsisten",0
37,46,43,30,0,0,"Naik",0
71,56,93,81,0,0,"Turun",0
77,56,79,100,0,0,"Turun",0
97,65,70,87,0,0,"Turun",0
83,79,87,91,1,0,"Konsisten",1
87,90,63,99,0,0,"Konsisten",0
84,83,80,96,1,0,"Konsisten",1
96,71,68,84,0,0,"Turun",0
87,54,93,85,0,0,"Turun",0
49,35,48,30,0,0,"Turun",0
100,66,92,73,0,0,"Turun",0
84,89,98,78,0,0,"Konsisten",0
61,64,63,82,0,0,"Konsisten",0
52,59,61,93,0,0,"Naik",0
87,89,54,77,0,0,"Konsisten",0
77,57,74,67,0,0,"Turun",0
87,57,87,95,0,0,"Turun",0
58,90,79,87,0,0,"Naik",0
54,74,99,75,0,0,"Naik",0
95,96,91,65,0,0,"Konsisten",0
84,88,87,82,0,0,"Konsisten",0
57,60,55,62,0,0,"Konsisten",0
97,59,100,85,0,0,"Turun",0
74,98,76,76,0,0,"Naik",0
63,68,88,95,0,0,"Konsisten",0
100,82,51,66,0,0,"Turun",0
100,90,56,71,0,0,"Turun",0
35,44,42,67,0,0,"Naik",0
100,69,83,73,0,0,"Turun",0
37,33,32,72,0,0,"Konsisten",0
94,63,61,78,0,0,"Turun",0
75,74,55,99,0,0,"Konsisten",0
84,54,95,61,0,1,"Turun",0
94,73,93,67,0,1,"Turun",0
36,38,49,72,0,0,"Konsisten",0
82,88,85,77,0,0,"Naik",0
53,100,84,69,0,0,"Naik",0
44,49,31,50,0,0,"Konsisten",0
64,66,80,60,0,0,"Konsisten",0
97,100,61,88,0,0,"Konsisten",0
64,60,91,64,0,1,"Konsisten",0
69,51,83,85,0,0,"Turun",0
86,87,53,99,0,0,"Konsisten",0
49,33,30,66,0,0,"Turun",0
54,59,75,94,0,0,"Konsisten",0
57,96,66,60,0,0,"Naik",0
80,64,64,68,0,0,"Turun",0
83,73,60,69,0,0,"Turun",0
52,50,54,63,0,0,"Konsisten",0
41,33,32,64,0,0,"Turun",0
72,84,96,61,0,0,"Naik",0
86,89,65,100,0,0,"Konsisten",0
76,68,65,75,0,0,"Turun",0
69,93,57,69,0,0,"Naik",0
32,47,34,38,0,0,"Naik",0
90,71,55,65,0,0,"Turun",0
76,75,85,65,0,0,"Konsisten",0
77,63,50,86,0,0,"Turun",0
54,65,83,93,0,0,"Naik",0
81,64,82,77,0,0,"Turun",0
63,89,96,83,0,0,"Naik",0
54,92,93,92,1,0,"Naik",1
93,56,69,95,0,0,"Turun",0
66,64,58,100,0,0,"Konsisten",0
91,52,84,63,0,0,"Turun",0
53,74,63,75,0,0,"Naik",0
90,91,86,98,1,0,"Konsisten",1
52,89,71,90,0,0,"Naik",0
38,32,37,36,0,0,"Turun",0
89,54,85,92,0,0,"Turun",0
72,61,52,98,0,0,"Turun",0
81,91,63,63,0,0,"Naik",0
45,49,49,58,0,0,"Konsisten",0
78,59,62,99,0,0,"Turun",0
68,96,66,87,0,0,"Naik",0
86,100,57,93,0,0,"Naik",0
78,79,88,68,0,0,"Konsisten",0
71,97,90,79,0,0,"Naik",0
65,65,52,84,0,0,"Konsisten",0
56,64,63,65,0,0,"Naik",0
98,74,60,77,0,0,"Turun",0
54,70,73,65,0,0,"Naik",0
93,79,55,97,0,0,"Turun",0
86,71,58,97,0,0,"Turun",0
75,89,91,64,0,0,"Naik",0
82,91,98,87,1,0,"Naik",1
64,56,68,99,0,0,"Turun",0
85,89,84,68,0,0,"Konsisten",0
80,53,60,82,0,0,"Turun",0
83,99,75,81,0,0,"Naik",0
69,92,82,67,0,0,"Naik",0
96,70,99,95,0,0,"Turun",0
93,57,52,66,0,0,"Turun",0
71,75,96,84,0,0,"Konsisten",0
70,80,71,73,0,0,"Naik",0
88,68,98,97,0,0,"Turun",0
38,34,44,55,0,0,"Konsisten",0
59,92,59,66,0,0,"Naik",0
53,75,82,71,0,0,"Naik",0
31,47,41,52,0,0,"Naik",0
72,89,92,65,0,0,"Naik",0
94,99,81,73,0,0,"Konsisten",0
62,70,100,88,0,0,"Naik",0
96,69,81,75,0,0,"Turun",0
54,50,89,62,0,1,"Konsisten",0
40,43,42,63,0,0,"Konsisten",0
59,80,68,74,0,0,"Naik",0
68,66,85,76,0,0,"Konsisten",0
81,50,75,85,0,0,"Turun",0
95,52,64,99,0,0,"Turun",0
81,93,71,67,0,0,"Naik",0
51,99,60,62,0,0,"Naik",0
40,37,39,50,0,0,"Konsisten",0
63,93,59,73,0,0,"Naik",0
88,92,76,81,0,0,"Konsisten",0
93,58,94,68,0,1,"Turun",0
88,85,79,70,0,0,"Konsisten",0
50,100,98,69,0,0,"Naik",0
86,81,75,90,0,0,"Konsisten",0
64,70,88,77,0,0,"Naik",0
77,84,84,86,1,0,"Naik",1
97,62,88,87,0,0,"Turun",0
41,48,33,51,0,0,"Naik",0
68,82,62,69,0,0,"Naik",0
100,61,90,65,0,1,"Turun",0
58,67,51,87,0,0,"Naik",0
66,83,81,95,1,0,"Naik",1
56,97,93,76,0,0,"Naik",0
60,59,93,85,0,0,"Konsisten",0
70,94,91,60,0,0,"Naik",0
52,92,97,66,0,0,"Naik",0
73,87,100,80,0,0,"Naik",0
90,75,60,66,0,0,"Turun",0
53,77,58,80,0,0,"Naik",0
94,66,57,65,0,0,"Turun",0
63,59,85,78,0,0,"Konsisten",0
81,88,96,85,1,0,"Naik",1
80,56,75,72,0,0,"Turun",0
69,54,58,98,0,0,"Turun",0
52,61,72,61,0,0,"Naik",0
78,67,94,99,0,0,"Turun",0
95,72,72,78,0,0,"Turun",0
81,98,52,86,0,0,"Naik",0
83,64,83,61,0,0,"Turun",0
70,78,51,79,0,0,"Naik",0
98,72,75,78,0,0,"Turun",0
89,60,57,74,0,0,"Turun",0
63,74,92,76,0,0,"Naik",0
53,89,62,74,0,0,"Naik",0
58,85,92,69,0,0,"Naik",0
37,35,38,46,0,0,"Konsisten",0
45,31,43,70,0,0,"Turun",0
62,93,92,96,1,0,"Naik",1
48,36,43,37,0,0,"Turun",0
45,44,46,58,0,0,"Konsisten",0
49,43,42,50,0,0,"Turun",0
96,93,73,89,0,0,"Konsisten",0
84,78,77,65,0,0,"Turun",0
79,60,89,68,0,1,"Turun",0
80,80,70,74,0,0,"Konsisten",0
54,83,51,75,0,0,"Naik",0
96,51,63,60,0,0,"Turun",0
43,35,46,50,0,0,"Turun",0
75,91,89,61,0,0,"Naik",0
86,55,86,81,0,0,"Turun",0
84,99,87,83,0,0,"Naik",0
74,66,99,93,0,0,"Turun",0
38,42,36,71,0,0,"Konsisten",0
59,53,91,79,0,0,"Turun",0
68,95,69,93,0,0,"Naik",0
87,67,54,80,0,0,"Turun",0
86,68,72,74,0,0,"Turun",0
84,59,67,68,0,0,"Turun",0
55,98,72,67,0,0,"Naik",0
51,74,76,80,0,0,"Naik",0
69,81,77,81,0,0,"Naik",0
86,64,82,94,0,0,"Turun",0
81,68,50,78,0,0,"Turun",0
89,62,86,66,0,1,"Turun",0
68,78,84,61,0,0,"Naik",0
100,67,94,89,0,0,"Turun",0
63,66,92,80,0,0,"Konsisten",0
95,84,83,74,0,0,"Turun",0
37,31,38,32,0,0,"Turun",0
98,66,63,77,0,0,"Turun",0
31,46,46,57,0,0,"Naik",0
94,56,77,94,0,0,"Turun",0
67,97,64,71,0,0,"Naik",0
82,76,54,98,0,0,"Turun",0
92,79,69,85,0,0,"Turun",0
99,78,75,85,0,0,"Turun",0
88,65,78,66,0,0,"Turun",0
40,39,31,72,0,0,"Konsisten",0
59,87,96,95,1,0,"Naik",1
64,59,60,71,0,0,"Konsisten",0
98,100,100,72,0,0,"Konsisten",0
90,56,81,86,0,0,"Turun",0
42,48,39,30,0,0,"Naik",0
69,96,57,66,0,0,"Naik",0
37,45,34,30,0,0,"Naik",0
49,49,48,44,0,0,"Konsisten",0
57,70,58,86,0,0,"Naik",0
87,66,91,99,0,0,"Turun",0
71,99,72,68,0,0,"Naik",0
79,59,87,92,0,0,"Turun",0
78,85,53,84,0,0,"Naik",0
69,86,86,74,0,0,"Naik",0
57,64,51,83,0,0,"Naik",0
67,59,95,73,0,0,"Turun",0
65,58,76,61,0,0,"Turun",0
62,70,73,89,0,0,"Naik",0
82,60,70,70,0,0,"Turun",0
58,97,73,63,0,0,"Naik",0
81,99,62,96,0,0,"Naik",0
97,67,59,100,0,0,"Turun",0
84,83,70,82,0,0,"Konsisten",0
95,94,54,60,0,0,"Konsisten",0
60,57,62,65,0,0,"Konsisten",0
65,78,58,81,0,0,"Naik",0
58,62,94,64,0,1,"Konsisten",0
41,43,36,70,0,0,"Konsisten",0
51,94,85,91,1,0,"Naik",1
82,91,56,91,0,0,"Naik",0
87,81,79,87,0,0,"Turun",0
71,52,81,71,0,0,"Turun",0
78,61,65,87,0,0,"Turun",0
67,86,55,86,0,0,"Naik",0
82,64,57,62,0,0,"Turun",0
70,94,79,79,0,0,"Naik",0
65,87,90,61,0,0,"Naik",0
51,91,90,70,0,0,"Naik",0
49,38,30,38,0,0,"Turun",0
70,65,61,68,0,0,"Konsisten",0
47,39,33,62,0,0,"Turun",0
42,40,38,44,0,0,"Konsisten",0
91,100,54,73,0,0,"Naik",0
96,89,60,100,0,0,"Turun",0
94,85,56,68,0,0,"Turun",0
91,96,61,78,0,0,"Konsisten",0
90,99,76,91,0,0,"Naik",0
87,88,66,64,0,0,"Konsisten",0
85,98,90,80,0,0,"Naik",0
62,98,59,87,0,0,"Naik",0
63,64,75,62,0,0,"Konsisten",0
65,90,86,63,0,0,"Naik",0
63,94,99,98,1,0,"Naik",1
60,97,77,95,0,0,"Naik",0
74,51,98,73,0,0,"Turun",0
46,43,40,60,0,0,"Konsisten",0
85,65,56,75,0,0,"Turun",0
52,99,81,90,1,0,"Naik",1
80,89,76,62,0,0,"Naik",0
72,89,90,98,1,0,"Naik",1
57,89,90,84,0,0,"Naik",0
91,85,54,72,0,0,"Turun",0
31,36,39,55,0,0,"Konsisten",0
77,83,91,87,1,0,"Naik",1
30,46,40,46,0,0,"Naik",0
59,50,64,96,0,0,"Turun",0
75,53,64,63,0,0,"Turun",0
61,72,98,68,0,1,"Naik",0
73,65,77,61,0,0,"Turun",0
97,79,71,73,0,0,"Turun",0
47,46,48,33,0,0,"Konsisten",0
83,83,79,91,0,0,"Konsisten",0
96,96,86,70,0,0,"Konsisten",0
68,78,95,66,0,0,"Naik",0
84,79,60,62,0,0,"Konsisten",0
79,91,68,97,0,0,"Naik",0
51,50,58,76,0,0,"Konsisten",0
52,74,75,99,0,0,"Naik",0
77,94,53,65,0,0,"Naik",0
81,54,86,70,0,0,"Turun",0
71,100,68,86,0,0,"Naik",0
84,73,89,63,0,1,"Turun",0
61,98,69,73,0,0,"Naik",0
76,60,58,62,0,0,"Turun",0
74,88,93,92,1,0,"Naik",1
92,83,50,84,0,0,"Turun",0
82,52,97,65,0,1,"Turun",0
55,92,74,88,0,0,"Naik",0
89,71,76,67,0,0,"Turun",0
89,86,77,95,0,0,"Konsisten",0
32,30,49,45,0,0,"Konsisten",0
97,59,99,68,0,1,"Turun",0
53,80,65,62,0,0,"Naik",0
45,35,42,42,0,0,"Turun",0
62,89,79,76,0,0,"Naik",0
88,58,53,85,0,0,"Turun",0
53,90,81,61,0,0,"Naik",0
45,37,49,40,0,0,"Turun",0
61,80,98,61,0,0,"Naik",0
80,80,71,75,0,0,"Konsisten",0
75,87,56,87,0,0,"Naik",0
44,40,35,55,0,0,"Konsisten",0
74,56,63,79,0,0,"Turun",0
61,59,77,99,0,0,"Konsisten",0
56,88,99,90,1,0,"Naik",1
83,57,78,84,0,0,"Turun",0
83,95,69,92,0,0,"Naik",0
54,67,56,87,0,0,"Naik",0
58,70,59,90,0,0,"Naik",0
82,100,54,78,0,0,"Naik",0
69,95,53,89,0,0,"Naik",0
50,96,76,99,0,0,"Naik",0
96,71,76,64,0,0,"Turun",0
77,60,86,81,0,0,"Turun",0
59,84,95,98,1,0,"Naik",1
83,78,67,89,0,0,"Konsisten",0
59,69,53,95,0,0,"Naik",0
47,48,46,65,0,0,"Konsisten",0
55,76,97,81,0,0,"Naik",0
51,94,56,92,0,0,"Naik",0
79,98,85,76,0,0,"Naik",0
44,34,37,52,0,0,"Turun",0
87,82,91,81,0,0,"Konsisten",0
56,78,66,72,0,0,"Naik",0
94,58,67,100,0,0,"Turun",0
69,54,72,99,0,0,"Turun",0
68,64,66,72,0,0,"Konsisten",0
96,77,62,97,0,0,"Turun",0
68,83,56,73,0,0,"Naik",0
33,38,35,34,0,0,"Konsisten",0
58,58,78,92,0,0,"Konsisten",0
72,82,65,82,0,0,"Naik",0
77,54,100,100,0,0,"Turun",0
100,81,93,83,0,0,"Turun",0
76,73,66,61,0,0,"Konsisten",0
84,64,85,85,0,0,"Turun",0
78,51,79,67,0,0,"Turun",0
52,79,66,96,0,0,"Naik",0
57,64,81,90,0,0,"Naik",0
56,93,69,85,0,0,"Naik",0
63,50,74,90,0,0,"Turun",0
45,49,43,75,0,0,"Konsisten",0
50,67,86,61,0,1,"Naik",0
90,71,82,83,0,0,"Turun",0
74,84,50,89,0,0,"Naik",0
83,51,79,67,0,0,"Turun",0
63,100,84,65,0,0,"Naik",0
99,91,60,78,0,0,"Turun",0
51,90,63,72,0,0,"Naik",0
98,71,91,61,0,1,"Turun",0
89,96,61,89,0,0,"Naik",0
44,32,47,30,0,0,"Turun",0
41,37,48,59,0,0,"Konsisten",0
71,68,74,86,0,0,"Konsisten",0
50,79,79,97,0,0,"Naik",0
57,63,92,80,0,0,"Naik",0
74,78,78,84,0,0,"Konsisten",0
36,38,49,65,0,0,"Konsisten",0
61,97,89,78,0,0,"Naik",0
64,65,82,81,0,0,"Konsisten",0
64,85,82,82,0,0,"Naik",0
58,83,100,81,0,0,"Naik",0
84,67,98,95,0,0,"Turun",0
96,89,95,70,0,0,"Turun",0
71,62,53,69,0,0,"Turun",0
93,77,82,70,0,0,"Turun",0
83,90,86,74,0,0,"Naik",0
70,70,65,76,0,0,"Konsisten",0
95,96,50,75,0,0,"Konsisten",0
37,45,30,53,0,0,"Naik",0
43,37,41,40,0,0,"Turun",0
67,94,74,66,0,0,"Naik",0
99,77,69,89,0,0,"Turun",0
75,91,70,63,0,0,"Naik",0
51,78,73,93,0,0,"Naik",0
73,56,87,96,0,0,"Turun",0
76,58,88,85,0,0,"Turun",0
30,43,33,60,0,0,"Naik",0
93,94,96,75,0,0,"Konsisten",0
92,59,79,85,0,0,"Turun",0
64,72,77,89,0,0,"Naik",0
76,96,82,71,0,0,"Naik",0
95,56,61,95,0,0,"Turun",0
61,87,88,83,0,0,"Naik",0
58,95,81,73,0,0,"Naik",0
79,57,88,85,0,0,"Turun",0
60,51,59,79,0,0,"Turun",0
95,84,96,82,0,0,"Turun",0
51,96,82,89,1,0,"Naik",1
84,77,95,79,0,0,"Turun",0
67,56,66,96,0,0,"Turun",0
38,30,33,37,0,0,"Turun",0
100,95,84,79,0,0,"Konsisten",0
30,39,37,64,0,0,"Naik",0
98,55,58,86,0,0,"Turun",0
56,75,73,84,0,0,"Naik",0
82,50,75,85,0,0,"Turun",0
88,88,92,91,1,0,"Konsisten",1
61,58,65,60,0,0,"Konsisten",0
92,96,60,78,0,0,"Konsisten",0
72,72,60,83,0,0,"Konsisten",0
33,36,40,47,0,0,"Konsisten",0
94,51,55,65,0,0,"Turun",0
50,53,52,77,0,0,"Konsisten",0
91,85,50,83,0,0,"Turun",0
97,94,97,92,1,0,"Konsisten",1
37,49,41,66,0,0,"Naik",0
93,92,76,96,0,0,"Konsisten",0
40,36,46,74,0,0,"Konsisten",0
91,60,80,89,0,0,"Turun",0
66,55,83,60,0,0,"Turun",0
45,37,42,52,0,0,"Turun",0
92,73,88,93,0,0,"Turun",0
77,55,55,65,0,0,"Turun",0
68,68,94,73,0,0,"Konsisten",0
53,83,85,83,0,0,"Naik",0
37,39,42,43,0,0,"Konsisten",0
55,88,54,77,0,0,"Naik",0
97,71,74,93,0,0,"Turun",0
61,93,69,88,0,0,"Naik",0
57,71,64,74,0,0,"Naik",0
99,85,100,89,1,0,"Turun",1
65,70,65,68,0,0,"Konsisten",0
39,42,41,52,0,0,"Konsisten",0
69,84,55,70,0,0,"Naik",0
93,93,86,85,1,0,"Konsisten",1
97,95,60,91,0,0,"Konsisten",0
100,60,76,79,0,0,"Turun",0
48,49,41,55,0,0,"Konsisten",0
83,64,89,60,0,1,"Turun",0
46,44,33,67,0,0,"Konsisten",0
53,89,70,92,0,0,"Naik",0
38,38,48,46,0,0,"Konsisten",0
84,83,74,89,0,0,"Konsisten",0
78,96,67,62,0,0,"Naik",0
69,57,99,66,0,1,"Turun",0
58,91,64,67,0,0,"Naik",0
82,80,65,94,0,0,"Konsisten",0
88,98,99,82,0,0,"Naik",0
88,73,77,84,0,0,"Turun",0
41,46,43,48,0,0,"Konsisten",0
96,93,100,83,0,0,"Konsisten",0
93,66,72,99,0,0,"Turun",0
79,68,57,92,0,0,"Turun",0
76,63,50,66,0,0,"Turun",0
47,42,34,66,0,0,"Konsisten",0
57,63,67,88,0,0,"Naik",0
79,97,85,80,0,0,"Naik",0
32,40,45,34,0,0,"Naik",0
49,30,49,47,0,0,"Turun",0
52,61,80,94,0,0,"Naik",0
67,78,89,70,0,0,"Naik",0
61,68,60,83,0,0,"Naik",0
88,92,71,64,0,0,"Konsisten",0
80,60,60,80,0,0,"Turun",0
93,66,55,82,0,0,"Turun",0
35,36,40,49,0,0,"Konsisten",0
74,73,91,77,0,0,"Konsisten",0
93,82,81,82,0,0,"Turun",0
39,34,37,67,0,0,"Konsisten",0
61,99,77,90,0,0,"Naik",0
64,99,85,84,0,0,"Naik",0
85,87,97,96,1,0,"Konsisten",1
66,78,86,67,0,0,"Naik",0
86,91,96,79,0,0,"Konsisten",0
63,61,73,70,0,0,"Konsisten",0
95,61,63,67,0,0,"Turun",0
58,54,72,88,0,0,"Konsisten",0
82,89,80,96,1,0,"Naik",1
54,76,98,83,0,0,"Naik",0
96,73,74,75,0,0,"Turun",0
79,70,96,99,0,0,"Turun",0
71,66,76,67,0,0,"Konsisten",0
88,76,66,81,0,0,"Turun",0
72,71,60,74,0,0,"Konsisten",0
30,30,33,60,0,0,"Konsisten",0
79,64,66,99,0,0,"Turun",0
45,30,47,33,0,0,"Turun",0
72,73,96,66,0,1,"Konsisten",0
55,93,88,70,0,0,"Naik",0
91,97,75,63,0,0,"Naik",0
55,82,55,63,0,0,"Naik",0
46,42,36,66,0,0,"Konsisten",0
78,63,57,83,0,0,"Turun",0
83,61,65,67,0,0,"Turun",0
72,71,76,82,0,0,"Konsisten",0
59,80,54,68,0,0,"Naik",0
76,77,56,67,0,0,"Konsisten",0
76,81,99,90,1,0,"Konsisten",1
75,50,51,94,0,0,"Turun",0
86,76,88,69,0,0,"Turun",0
98,76,67,97,0,0,"Turun",0
95,78,83,99,1,0,"Turun",1
100,83,69,81,0,0,"Turun",0
54,67,75,79,0,0,"Naik",0
96,61,82,99,0,0,"Turun",0
68,63,99,83,0,0,"Konsisten",0
87,74,99,87,0,0,"Turun",0
83,98,100,61,0,0,"Naik",0
96,84,76,66,0,0,"Turun",0
92,83,83,82,0,0,"Turun",0
82,72,50,83,0,0,"Turun",0
98,77,90,88,1,0,"Turun",1
84,85,53,79,0,0,"Konsisten",0
80,57,54,82,0,0,"Turun",0
48,48,33,46,0,0,"Konsisten",0
69,97,100,62,0,0,"Naik",0
93,86,74,79,0,0,"Turun",0
94,81,80,76,0,0,"Turun",0
83,79,60,66,0,0,"Konsisten",0
94,51,71,88,0,0,"Turun",0
54,86,61,94,0,0,"Naik",0
90,70,68,83,0,0,"Turun",0
67,98,72,95,0,0,"Naik",0
81,68,58,62,0,0,"Turun",0
75,71,100,85,0,0,"Konsisten",0
78,100,59,91,0,0,"Naik",0
73,80,75,82,0,0,"Naik",0
50,56,74,79,0,0,"Naik",0
44,39,41,40,0,0,"Konsisten",0
50,66,61,68,0,0,"Naik",0
97,98,68,67,0,0,"Konsisten",0
63,92,95,88,1,0,"Naik",1
54,91,90,98,1,0,"Naik",1
68,95,89,64,0,0,"Naik",0
36,36,34,37,0,0,"Konsisten",0
89,75,69,88,0,0,"Turun",0
94,53,53,62,0,0,"Turun",0
78,51,58,94,0,0,"Turun",0
51,74,54,91,0,0,"Naik",0
57,74,55,79,0,0,"Naik",0
37,36,44,37,0,0,"Konsisten",0
51,75,76,82,0,0,"Naik",0
55,87,53,100,0,0,"Naik",0
61,50,62,76,0,0,"Turun",0
98,98,91,60,0,0,"Konsisten",0
72,59,71,81,0,0,"Turun",0
67,52,50,63,0,0,"Turun",0
88,68,86,92,0,0,"Turun",0
81,73,91,67,0,1,"Turun",0
43,36,47,63,0,0,"Turun",0
68,80,83,82,0,0,"Naik",0
90,72,92,61,0,1,"Turun",0
83,57,52,85,0,0,"Turun",0
99,87,68,72,0,0,"Turun",0
90,96,70,99,0,0,"Naik",0
82,57,94,100,0,0,"Turun",0
83,90,68,88,0,0,"Naik",0
67,59,58,60,0,0,"Turun",0
83,70,64,83,0,0,"Turun",0
93,97,75,68,0,0,"Konsisten",0
100,91,60,83,0,0,"Turun",0
86,59,61,93,0,0,"Turun",0
66,85,78,93,0,0,"Naik",0
61,60,73,79,0,0,"Konsisten",0
36,41,40,72,0,0,"Konsisten",0
70,76,66,73,0,0,"Naik",0
83,66,58,64,0,0,"Turun",0
98,52,57,62,0,0,"Turun",0
76,84,83,97,1,0,"Naik",1
71,78,88,89,1,0,"Naik",1
87,73,81,70,0,0,"Turun",0
60,76,70,66,0,0,"Naik",0
58,58,59,77,0,0,"Konsisten",0
94,71,59,68,0,0,"Turun",0
80,74,76,76,0,0,"Turun",0
94,52,78,86,0,0,"Turun",0
65,95,74,61,0,0,"Naik",0
31,33,49,32,0,0,"Konsisten",0
54,88,50,87,0,0,"Naik",0
79,65,61,92,0,0,"Turun",0
100,98,94,70,0,0,"Konsisten",0
42,36,45,44,0,0,"Turun",0
80,56,61,76,0,0,"Turun",0
89,94,81,66,0,0,"Konsisten",0
40,42,35,74,0,0,"Konsisten",0
91,75,81,78,0,0,"Turun",0
81,78,78,73,0,0,"Konsisten",0
65,85,60,100,0,0,"Naik",0
52,51,71,62,0,0,"Konsisten",0
96,85,55,63,0,0,"Turun",0
44,39,32,74,0,0,"Konsisten",0
83,97,83,91,1,0,"Naik",1
100,71,90,69,0,1,"Turun",0
64,57,91,74,0,0,"Turun",0
58,69,51,61,0,0,"Naik",0
73,60,72,88,0,0,"Turun",0
90,70,67,61,0,0,"Turun",0
98,91,84,65,0,0,"Turun",0
41,46,38,61,0,0,"Konsisten",0
77,54,78,100,0,0,"Turun",0
68,54,99,73,0,0,"Turun",0
53,98,86,75,0,0,"Naik",0
56,95,78,60,0,0,"Naik",0
100,63,57,65,0,0,"Turun",0
79,92,63,77,0,0,"Naik",0
98,79,59,71,0,0,"Turun",0
93,99,78,79,0,0,"Naik",0
91,62,95,67,0,1,"Turun",0
58,60,64,95,0,0,"Konsisten",0
93,82,77,73,0,0,"Turun",0
89,76,100,89,1,0,"Turun",1
50,85,96,94,1,0,"Naik",1
72,63,79,74,0,0,"Turun",0
97,77,88,70,0,0,"Turun",0
61,62,56,70,0,0,"Konsisten",0
92,68,52,62,0,0,"Turun",0
84,53,74,68,0,0,"Turun",0
39,49,40,44,0,0,"Naik",0
65,64,58,72,0,0,"Konsisten",0
61,74,77,74,0,0,"Naik",0
78,53,66,97,0,0,"Turun",0
98,54,61,86,0,0,"Turun",0
47,30,41,69,0,0,"Turun",0
77,54,70,91,0,0,"Turun",0
50,72,68,63,0,0,"Naik",0
52,65,64,99,0,0,"Naik",0
43,38,37,73,0,0,"Konsisten",0
96,56,64,95,0,0,"Turun",0
75,80,94,68,0,0,"Konsisten",0
94,82,56,71,0,0,"Turun",0
95,68,69,66,0,0,"Turun",0
70,88,56,62,0,0,"Naik",0
71,80,64,77,0,0,"Naik",0
98,95,52,77,0,0,"Konsisten",0
67,71,67,76,0,0,"Konsisten",0
90,58,86,63,0,1,"Turun",0
99,91,70,86,0,0,"Turun",0
70,72,64,86,0,0,"Konsisten",0
88,88,70,73,0,0,"Konsisten",0
86,62,76,98,0,0,"Turun",0
91,65,57,67,0,0,"Turun",0
93,91,93,88,1,0,"Konsisten",1
67,82,84,96,1,0,"Naik",1
85,84,65,83,0,0,"Konsisten",0
64,57,58,90,0,0,"Turun",0
72,52,52,76,0,0,"Turun",0
73,100,78,84,0,0,"Naik",0
32,33,39,55,0,0,"Konsisten",0
98,80,80,69,0,0,"Turun",0
65,83,93,66,0,0,"Naik",0
48,48,39,62,0,0,"Konsisten",0
65,65,63,69,0,0,"Konsisten",0
91,91,96,72,0,0,"Konsisten",0
91,67,68,99,0,0,"Turun",0
30,42,39,32,0,0,"Naik",0
54,98,79,64,0,0,"Naik",0
30,43,37,62,0,0,"Naik",0
53,97,85,100,1,0,"Naik",1
83,56,62,84,0,0,"Turun",0
33,32,36,30,0,0,"Konsisten",0
81,60,79,97,0,0,"Turun",0
80,76,56,60,0,0,"Konsisten",0
92,59,87,77,0,0,"Turun",0
71,58,68,100,0,0,"Turun",0
78,77,88,98,1,0,"Konsisten",1
82,65,70,94,0,0,"Turun",0
97,90,80,74,0,0,"Turun",0
52,63,82,71,0,0,"Naik",0
43,32,31,41,0,0,"Turun",0
68,95,71,94,0,0,"Naik",0
66,63,71,93,0,0,"Konsisten",0
55,53,65,86,0,0,"Konsisten",0
56,61,76,98,0,0,"Konsisten",0
34,35,32,48,0,0,"Konsisten",0
89,99,61,66,0,0,"Naik",0
41,39,41,60,0,0,"Konsisten",0
66,76,63,63,0,0,"Naik",0
40,47,30,72,0,0,"Naik",0
73,59,92,87,0,0,"Turun",0
99,100,73,95,0,0,"Konsisten",0
82,61,84,66,0,0,"Turun",0
39,30,40,40,0,0,"Turun",0
74,59,54,70,0,0,"Turun",0
93,53,71,85,0,0,"Turun",0
62,62,60,70,0,0,"Konsisten",0
33,49,48,74,0,0,"Naik",0
64,61,70,73,0,0,"Konsisten",0
73,74,85,62,0,1,"Konsisten",0
100,53,62,96,0,0,"Turun",0
76,62,91,63,0,1,"Turun",0
77,80,83,67,0,0,"Konsisten",0
59,71,86,80,0,0,"Naik",0
70,89,75,96,0,0,"Naik",0
77,62,63,87,0,0,"Turun",0
57,53,79,95,0,0,"Konsisten",0
100,100,67,98,0,0,"Konsisten",0
92,93,83,68,0,0,"Konsisten",0
71,92,71,92,0,0,"Naik",0
78,66,87,72,0,0,"Turun",0
82,55,84,87,0,0,"Turun",0
69,81,78,78,0,0,"Naik",0
54,53,59,65,0,0,"Konsisten",0
54,62,55,99,0,0,"Naik",0
92,79,97,94,1,0,"Turun",1
58,81,84,78,0,0,"Naik",0
85,64,51,98,0,0,"Turun",0
85,94,87,92,1,0,"Naik",1
56,74,100,72,0,0,"Naik",0
95,84,57,79,0,0,"Turun",0
80,65,80,62,0,0,"Turun",0
38,33,35,55,0,0,"Konsisten",0
71,58,90,67,0,1,"Turun",0
55,94,100,67,0,0,"Naik",0
62,62,70,76,0,0,"Konsisten",0
43,31,39,75,0,0,"Turun",0
90,83,73,81,0,0,"Turun",0
91,100,89,72,0,0,"Naik",0
78,68,86,73,0,0,"Turun",0
87,93,63,92,0,0,"Naik",0
78,62,54,76,0,0,"Turun",0
52,91,67,94,0,0,"Naik",0
51,78,64,77,0,0,"Naik",0
94,79,51,79,0,0,"Turun",0
54,94,53,66,0,0,"Naik",0
65,52,96,95,0,0,"Turun",0
42,44,30,60,0,0,"Konsisten",0
83,50,73,89,0,0,"Turun",0
81,90,69,79,0,0,"Naik",0
87,67,100,71,0,0,"Turun",0
82,78,93,60,0,0,"Konsisten",0
67,62,76,97,0,0,"Konsisten",0
52,70,65,89,0,0,"Naik",0
47,49,31,38,0,0,"Konsisten",0
32,41,47,30,0,0,"Naik",0
79,90,51,60,0,0,"Naik",0
46,35,35,30,0,0,"Turun",0
89,66,67,65,0,0,"Turun",0
58,60,75,96,0,0,"Konsisten",0
66,64,54,89,0,0,"Konsisten",0
71,85,89,83,0,0,"Naik",0
99,81,67,69,0,0,"Turun",0
97,88,99,88,1,0,"Turun",1
84,99,77,69,0,0,"Naik",0
51,59,55,85,0,0,"Naik",0
52,82,78,98,0,0,"Naik",0
83,51,94,89,0,0,"Turun",0
74,55,99,61,0,1,"Turun",0
99,80,74,94,0,0,"Turun",0
93,98,87,85,1,0,"Konsisten",1
93,76,98,73,0,0,"Turun",0
59,61,53,77,0,0,"Konsisten",0
73,82,58,88,0,0,"Naik",0
42,33,44,74,0,0,"Turun",0
45,48,47,34,0,0,"Konsisten",0
49,36,45,46,0,0,"Turun",0
72,95,69,69,0,0,"Naik",0
90,63,51,77,0,0,"Turun",0
61,67,95,89,0,0,"Naik",0
73,98,67,67,0,0,"Naik",0
90,52,65,62,0,0,"Turun",0
75,91,95,78,0,0,"Naik",0
53,77,72,64,0,0,"Naik",0
94,80,73,87,0,0,"Turun",0
84,95,53,97,0,0,"Naik",0
53,52,89,94,0,0,"Konsisten",0
70,57,61,93,0,0,"Turun",0
39,40,35,55,0,0,"Konsisten",0
36,49,47,55,0,0,"Naik",0
99,92,71,66,0,0,"Turun",0
69,59,70,91,0,0,"Turun",0
69,87,61,80,0,0,"Naik",0
98,59,61,64,0,0,"Turun",0
69,63,89,89,0,0,"Turun",0
82,94,92,88,1,0,"Naik",1
59,76,54,97,0,0,"Naik",0
67,93,70,82,0,0,"Naik",0
94,70,64,85,0,0,"Turun",0
59,55,78,81,0,0,"Konsisten",0
38,49,33,60,0,0,"Naik",0
61,76,100,88,1,0,"Naik",1
51,85,90,64,0,0,"Naik",0
53,53,94,80,0,0,"Konsisten",0
70,65,69,95,0,0,"Konsisten",0
50,74,78,83,0,0,"Naik",0
84,77,60,98,0,0,"Turun",0
81,70,91,86,0,0,"Turun",0
68,76,100,81,0,0,"Naik",0
54,52,69,73,0,0,"Konsisten",0
98,88,57,62,0,0,"Turun",0
97,73,80,74,0,0,"Turun",0
55,61,78,78,0,0,"Naik",0
83,71,93,78,0,0,"Turun",0
77,97,65,81,0,0,"Naik",0
83,92,100,92,1,0,"Naik",1
58,80,86,77,0,0,"Naik",0
55,99,59,87,0,0,"Naik",0
87,78,91,95,1,0,"Turun",1
94,71,91,93,0,0,"Turun",0
81,51,81,76,0,0,"Turun",0
86,68,69,73,0,0,"Turun",0
47,48,40,61,0,0,"Konsisten",0
63,91,82,69,0,0,"Naik",0
87,69,54,62,0,0,"Turun",0
88,51,76,87,0,0,"Turun",0
82,89,86,77,0,0,"Naik",0
51,86,94,93,1,0,"Naik",1
30,37,43,50,0,0,"Naik",0
86,52,70,61,0,0,"Turun",0
52,79,58,84,0,0,"Naik",0
87,77,58,74,0,0,"Turun",0
58,80,98,94,1,0,"Naik",1
61,67,71,67,0,0,"Naik",0
86,96,54,85,0,0,"Naik",0
72,70,56,90,0,0,"Konsisten",0
77,51,56,62,0,0,"Turun",0
72,61,86,87,0,0,"Turun",0
62,78,59,83,0,0,"Naik",0
80,91,68,83,0,0,"Naik",0
58,82,53,96,0,0,"Naik",0
35,38,44,54,0,0,"Konsisten",0
100,93,92,90,1,0,"Turun",1
85,90,81,85,1,0,"Konsisten",1
42,31,43,73,0,0,"Turun",0
51,64,94,92,0,0,"Naik",0
46,46,48,69,0,0,"Konsisten",0
32,32,41,46,0,0,"Konsisten",0
49,44,32,67,0,0,"Konsisten",0
70,99,89,64,0,0,"Naik",0
97,89,65,68,0,0,"Turun",0
87,58,93,79,0,0,"Turun",0
50,61,77,78,0,0,"Naik",0
50,53,68,66,0,0,"Konsisten",0
60,52,92,63,0,1,"Turun",0
83,61,51,97,0,0,"Turun",0
89,91,52,71,0,0,"Konsisten",0
59,51,78,84,0,0,"Turun",0
78,83,63,81,0,0,"Konsisten",0
38,32,39,69,0,0,"Turun",0
71,63,66,64,0,0,"Turun",0
97,67,74,66,0,0,"Turun",0
89,56,83,87,0,0,"Turun",0
30,45,45,71,0,0,"Naik",0
56,94,83,96,1,0,"Naik",1
73,73,79,87,0,0,"Konsisten",0
97,74,58,93,0,0,"Turun",0
49,48,37,70,0,0,"Konsisten",0
100,75,57,100,0,0,"Turun",0
57,80,92,65,0,0,"Naik",0
98,56,87,70,0,0,"Turun",0
69,84,74,60,0,0,"Naik",0
71,70,97,70,0,0,"Konsisten",0
77,94,74,65,0,0,"Naik",0
50,82,67,96,0,0,"Naik",0
90,83,60,65,0,0,"Turun",0
59,69,96,99,0,0,"Naik",0
56,64,98,61,0,1,"Naik",0
55,98,79,61,0,0,"Naik",0
56,52,51,100,0,0,"Konsisten",0
50,59,71,75,0,0,"Naik",0
63,71,50,84,0,0,"Naik",0
94,90,79,71,0,0,"Konsisten",0
82,89,75,76,0,0,"Naik",0
50,97,82,84,0,0,"Naik",0
54,50,71,87,0,0,"Konsisten",0
84,63,60,97,0,0,"Turun",0
86,71,94,72,0,0,"Turun",0
32,48,44,74,0,0,"Naik",0
57,83,62,60,0,0,"Naik",0
87,69,88,69,0,1,"Turun",0
60,67,98,69,0,1,"Naik",0
30,31,37,35,0,0,"Konsisten",0
82,75,87,91,1,0,"Turun",1
65,88,87,69,0,0,"Naik",0
32,48,38,42,0,0,"Naik",0
94,98,94,82,0,0,"Konsisten",0
54,74,65,68,0,0,"Naik",0
86,72,72,63,0,0,"Turun",0
57,96,98,80,0,0,"Naik",0
66,60,82,97,0,0,"Turun",0
58,64,80,81,0,0,"Naik",0
86,74,72,86,0,0,"Turun",0
57,99,69,71,0,0,"Naik",0
91,78,82,78,0,0,"Turun",0
90,57,98,61,0,1,"Turun",0
91,69,98,62,0,1,"Turun",0
47,41,46,61,0,0,"Turun",0
61,65,84,67,0,0,"Konsisten",0
98,62,69,90,0,0,"Turun",0
59,74,87,95,0,0,"Naik",0
62,84,52,80,0,0,"Naik",0
57,77,84,78,0,0,"Naik",0
42,34,31,56,0,0,"Turun",0
92,70,70,63,0,0,"Turun",0
94,78,53,63,0,0,"Turun",0
67,57,52,81,0,0,"Turun",0
94,64,81,62,0,0,"Turun",0
90,54,80,84,0,0,"Turun",0
40,32,37,71,0,0,"Turun",0
56,85,69,82,0,0,"Naik",0
81,65,65,99,0,0,"Turun",0
61,73,66,71,0,0,"Naik",0
77,90,59,89,0,0,"Naik",0
73,94,80,86,1,0,"Naik",1
80,76,68,62,0,0,"Konsisten",0
30,31,46,64,0,0,"Konsisten",0
78,65,71,64,0,0,"Turun",0
65,65,59,71,0,0,"Konsisten",0
43,48,45,59,0,0,"Konsisten",0
78,55,80,81,0,0,"Turun",0
97,68,77,60,0,0,"Turun",0
33,37,37,52,0,0,"Konsisten",0
63,60,51,91,0,0,"Konsisten",0
84,51,100,70,0,0,"Turun",0
82,77,74,71,0,0,"Konsisten",0
78,72,55,94,0,0,"Turun",0
95,81,71,63,0,0,"Turun",0
69,84,55,92,0,0,"Naik",0
82,98,95,98,1,0,"Naik",1
43,40,46,70,0,0,"Konsisten",0
46,40,38,43,0,0,"Turun",0
80,52,91,64,0,1,"Turun",0
62,87,65,96,0,0,"Naik",0
57,72,54,64,0,0,"Naik",0
67,87,70,93,0,0,"Naik",0
70,62,88,66,0,1,"Turun",0
65,62,71,73,0,0,"Konsisten",0
96,99,81,68,0,0,"Konsisten",0
67,93,59,60,0,0,"Naik",0
75,81,65,94,0,0,"Naik",0
75,71,66,94,0,0,"Konsisten",0
94,79,100,85,1,0,"Turun",1
60,84,80,73,0,0,"Naik",0
77,67,69,76,0,0,"Turun",0
51,52,70,84,0,0,"Konsisten",0
78,91,55,99,0,0,"Naik",0
44,48,37,30,0,0,"Konsisten",0
56,92,95,66,0,0,"Naik",0
99,79,88,99,1,0,"Turun",1
99,86,92,88,1,0,"Turun",1
84,79,51,71,0,0,"Konsisten",0
45,48,43,53,0,0,"Konsisten",0
95,96,96,92,1,0,"Konsisten",1
54,84,67,70,0,0,"Naik",0
38,45,40,42,0,0,"Naik",0
67,70,70,68,0,0,"Konsisten",0
97,58,51,94,0,0,"Turun",0
72,97,76,71,0,0,"Naik",0
84,77,80,75,0,0,"Turun",0
60,68,63,74,0,0,"Naik",0
91,56,55,70,0,0,"Turun",0
98,60,88,87,0,0,"Turun",0
71,66,54,72,0,0,"Konsisten",0
61,54,66,72,0,0,"Turun",0
77,92,55,89,0,0,"Naik",0
79,73,87,89,0,0,"Turun",0
87,53,65,97,0,0,"Turun",0
47,31,48,69,0,0,"Turun",0
83,54,69,68,0,0,"Turun",0
84,99,99,100,1,0,"Naik",1
97,96,70,97,0,0,"Konsisten",0
62,71,87,66,0,1,"Naik",0
91,71,60,84,0,0,"Turun",0
91,65,72,100,0,0,"Turun",0
61,80,67,88,0,0,"Naik",0
71,99,76,91,0,0,"Naik",0
85,52,72,62,0,0,"Turun",0
79,85,91,65,0,0,"Naik",0
92,59,89,84,0,0,"Turun",0
91,84,81,60,0,0,"Turun",0
72,99,55,100,0,0,"Naik",0
31,31,42,30,0,0,"Konsisten",0
66,71,98,99,0,0,"Konsisten",0
100,70,60,90,0,0,"Turun",0
70,95,68,87,0,0,"Naik",0
58,76,56,68,0,0,"Naik",0
98,59,60,98,0,0,"Turun",0
71,59,96,99,0,0,"Turun",0
74,62,50,69,0,0,"Turun",0
93,53,85,92,0,0,"Turun",0
88,95,53,73,0,0,"Naik",0
62,68,61,80,0,0,"Naik",0
80,80,87,65,0,0,"Konsisten",0
70,67,74,99,0,0,"Konsisten",0
34,43,37,50,0,0,"Naik",0
57,99,92,81,0,0,"Naik",0
32,47,30,75,0,0,"Naik",0
54,91,55,75,0,0,"Naik",0
82,74,50,81,0,0,"Turun",0
30,47,48,41,0,0,"Naik",0
89,74,66,83,0,0,"Turun",0
50,63,58,75,0,0,"Naik",0
46,37,47,71,0,0,"Turun",0
85,78,82,97,1,0,"Turun",1
53,54,76,78,0,0,"Konsisten",0
61,79,93,78,0,0,"Naik",0
62,80,87,98,1,0,"Naik",1
67,83,88,99,1,0,"Naik",1
69,82,50,88,0,0,"Naik",0
30,42,37,33,0,0,"Naik",0
75,73,81,90,0,0,"Konsisten",0
55,92,67,76,0,0,"Naik",0
78,79,99,91,1,0,"Konsisten",1
58,66,94,87,0,0,"Naik",0
61,68,62,63,0,0,"Naik",0
86,87,62,91,0,0,"Konsisten",0
96,50,74,61,0,0,"Turun",0
40,38,32,66,0,0,"Konsisten",0
77,97,80,60,0,0,"Naik",0
58,75,100,93,1,0,"Naik",1
54,87,68,65,0,0,"Naik",0
65,70,100,62,0,1,"Konsisten",0
68,94,50,70,0,0,"Naik",0
40,47,35,43,0,0,"Naik",0
75,96,73,75,0,0,"Naik",0
69,60,76,82,0,0,"Turun",0
78,72,65,82,0,0,"Turun",0
42,48,35,35,0,0,"Naik",0
74,100,70,80,0,0,"Naik",0
46,37,45,50,0,0,"Turun",0
88,58,81,70,0,0,"Turun",0
50,94,83,82,0,0,"Naik",0
52,71,87,62,0,1,"Naik",0
51,51,86,68,0,1,"Konsisten",0
48,39,31,36,0,0,"Turun",0
74,83,97,78,0,0,"Naik",0
38,30,30,54,0,0,"Turun",0
94,94,72,97,0,0,"Konsisten",0
63,77,90,82,0,0,"Naik",0
80,72,90,64,0,1,"Turun",0
76,61,77,82,0,0,"Turun",0
72,77,62,70,0,0,"Konsisten",0
96,68,93,66,0,1,"Turun",0
58,54,69,73,0,0,"Konsisten",0
46,35,30,40,0,0,"Turun",0
96,81,88,81,0,0,"Turun",0
86,57,80,87,0,0,"Turun",0
95,59,78,69,0,0,"Turun",0
80,70,69,69,0,0,"Turun",0
39,37,43,45,0,0,"Konsisten",0
79,65,80,80,0,0,"Turun",0
78,86,77,62,0,0,"Naik",0
63,51,100,76,0,0,"Turun",0
32,30,47,46,0,0,"Konsisten",0
61,58,63,69,0,0,"Konsisten",0
30,30,39,75,0,0,"Konsisten",0
33,49,44,53,0,0,"Naik",0
99,77,72,90,0,0,"Turun",0
99,83,65,82,0,0,"Turun",0
33,31,39,42,0,0,"Konsisten",0
93,54,65,71,0,0,"Turun",0
50,61,74,75,0,0,"Naik",0
78,78,52,66,0,0,"Konsisten",0
81,83,71,69,0,0,"Konsisten",0
39,42,43,32,0,0,"Konsisten",0
35,42,30,55,0,0,"Naik",0
44,48,39,37,0,0,"Konsisten",0
75,89,53,76,0,0,"Naik",0
81,95,64,60,0,0,"Naik",0
79,80,77,72,0,0,"Konsisten",0
56,85,97,63,0,0,"Naik",0
47,46,39,61,0,0,"Konsisten",0
35,42,32,41,0,0,"Naik",0
87,91,55,73,0,0,"Konsisten",0
32,39,39,55,0,0,"Naik",0
90,77,90,92,1,0,"Turun",1
62,87,79,71,0,0,"Naik",0
64,98,60,67,0,0,"Naik",0
58,85,85,85,1,0,"Naik",1
57,57,93,95,0,0,"Konsisten",0
55,54,93,75,0,0,"Konsisten",0
52,68,92,70,0,0,"Naik",0
44,38,43,39,0,0,"Turun",0
61,86,100,87,1,0,"Naik",1
80,75,99,76,0,0,"Konsisten",0
87,84,83,81,0,0,"Konsisten",0
51,71,57,92,0,0,"Naik",0
67,92,55,70,0,0,"Naik",0
68,59,89,68,0,1,"Turun",0
87,51,55,72,0,0,"Turun",0
58,99,54,79,0,0,"Naik",0
51,78,99,69,0,0,"Naik",0
51,82,68,93,0,0,"Naik",0
57,61,83,94,0,0,"Konsisten",0
88,86,85,66,0,0,"Konsisten",0
36,38,32,57,0,0,"Konsisten",0
55,66,100,87,0,0,"Naik",0
30,31,49,74,0,0,"Konsisten",0
44,33,43,37,0,0,"Turun",0
68,66,94,69,0,1,"Konsisten",0
67,75,98,63,0,0,"Naik",0
49,35,44,35,0,0,"Turun",0
87,69,80,88,0,0,"Turun",0
88,55,50,94,0,0,"Turun",0
75,74,66,68,0,0,"Konsisten",0
55,93,65,74,0,0,"Naik",0
80,76,84,62,0,0,"Konsisten",0
53,58,59,61,0,0,"Konsisten",0
50,87,58,92,0,0,"Naik",0
87,56,82,79,0,0,"Turun",0
89,89,83,60,0,0,"Konsisten",0
86,64,55,65,0,0,"Turun",0
81,99,79,76,0,0,"Naik",0
40,42,32,67,0,0,"Konsisten",0
61,84,60,92,0,0,"Naik",0
87,91,79,69,0,0,"Konsisten",0
67,72,51,76,0,0,"Konsisten",0
63,59,66,97,0,0,"Konsisten",0
30,31,45,56,0,0,"Konsisten",0
67,98,66,71,0,0,"Naik",0
97,90,69,68,0,0,"Turun",0
69,86,64,74,0,0,"Naik",0
78,99,83,64,0,0,"Naik",0
67,98,98,82,0,0,"Naik",0
73,93,65,61,0,0,"Naik",0
78,56,82,81,0,0,"Turun",0
82,90,93,83,0,0,"Naik",0
54,51,66,81,0,0,"Konsisten",0
77,53,96,94,0,0,"Turun",0
50,100,50,98,0,0,"Naik",0
87,51,94,98,0,0,"Turun",0
70,89,100,87,1,0,"Naik",1
31,39,32,66,0,0,"Naik",0
30,31,36,62,0,0,"Konsisten",0
31,33,48,56,0,0,"Konsisten",0
98,82,100,67,0,0,"Turun",0
74,61,86,81,0,0,"Turun",0
46,40,35,71,0,0,"Turun",0
77,54,69,86,0,0,"Turun",0
100,63,83,99,0,0,"Turun",0
55,90,78,95,0,0,"Naik",0
61,81,67,75,0,0,"Naik",0
85,97,88,81,0,0,"Naik",0
72,76,78,85,0,0,"Konsisten",0
57,63,96,74,0,0,"Naik",0
46,42,32,38,0,0,"Konsisten",0
76,99,74,89,0,0,"Naik",0
76,88,59,85,0,0,"Naik",0
50,52,83,83,0,0,"Konsisten",0
76,73,62,67,0,0,"Konsisten",0
70,99,84,79,0,0,"Naik",0
62,88,68,71,0,0,"Naik",0
51,65,68,76,0,0,"Naik",0
100,88,61,89,0,0,"Turun",0
91,98,91,79,0,0,"Naik",0
65,100,90,84,0,0,"Naik",0
71,56,71,99,0,0,"Turun",0
68,71,65,87,0,0,"Konsisten",0
98,56,57,84,0,0,"Turun",0
94,94,94,93,1,0,"Konsisten",1
76,55,60,96,0,0,"Turun",0
64,56,71,71,0,0,"Turun",0
52,88,58,92,0,0,"Naik",0
59,99,73,88,0,0,"Naik",0
38,39,45,32,0,0,"Konsisten",0
66,62,78,63,0,0,"Konsisten",0
42,39,48,45,0,0,"Konsisten",0
77,75,92,71,0,0,"Konsisten",0
86,95,97,77,0,0,"Naik",0
100,84,96,97,1,0,"Turun",1
64,81,96,77,0,0,"Naik",0
94,84,85,88,1,0,"Turun",1
74,53,71,65,0,0,"Turun",0
91,75,85,92,1,0,"Turun",1
33,47,49,33,0,0,"Naik",0
96,50,98,100,0,0,"Turun",0
63,98,50,98,0,0,"Naik",0
94,64,77,81,0,0,"Turun",0
79,86,71,61,0,0,"Naik",0
76,59,91,84,0,0,"Turun",0
31,39,49,32,0,0,"Naik",0
43,40,40,39,0,0,"Konsisten",0
78,76,86,93,1,0,"Konsisten",1
96,73,53,80,0,0,"Turun",0
86,55,94,80,0,0,"Turun",0
96,69,58,82,0,0,"Turun",0
81,78,58,95,0,0,"Konsisten",0
87,95,78,79,0,0,"Naik",0
34,32,36,53,0,0,"Konsisten",0
95,65,55,78,0,0,"Turun",0
37,31,45,42,0,0,"Turun",0
80,77,89,84,0,0,"Konsisten",0
70,74,87,89,0,0,"Konsisten",0
89,86,93,81,0,0,"Konsisten",0
54,99,50,90,0,0,"Naik",0
51,71,75,83,0,0,"Naik",0
87,67,50,61,0,0,"Turun",0
54,64,70,83,0,0,"Naik",0
58,64,63,63,0,0,"Naik",0
68,76,56,95,0,0,"Naik",0
80,78,52,94,0,0,"Konsisten",0
50,89,71,93,0,0,"Naik",0
93,64,93,76,0,0,"Turun",0
95,94,93,89,1,0,"Konsisten",1
73,58,95,79,0,0,"Turun",0
63,90,58,88,0,0,"Naik",0
57,62,59,68,0,0,"Konsisten",0
78,62,71,93,0,0,"Turun",0
46,41,35,34,0,0,"Konsisten",0
67,81,76,66,0,0,"Naik",0
83,50,53,81,0,0,"Turun",0
99,98,71,62,0,0,"Konsisten",0
33,40,40,59,0,0,"Naik",0
99,52,85,100,0,0,"Turun",0
52,66,57,67,0,0,"Naik",0
38,40,46,52,0,0,"Konsisten",0
69,63,57,61,0,0,"Turun",0
95,50,88,87,0,0,"Turun",0
70,78,87,72,0,0,"Naik",0
65,90,71,99,0,0,"Naik",0
71,83,73,63,0,0,"Naik",0
56,80,61,65,0,0,"Naik",0
56,100,63,99,0,0,"Naik",0
71,96,72,61,0,0,"Naik",0
62,69,100,67,0,1,"Naik",0
54,79,93,66,0,0,"Naik",0
92,57,60,75,0,0,"Turun",0
39,30,30,62,0,0,"Turun",0
76,61,78,65,0,0,"Turun",0
77,66,60,88,0,0,"Turun",0
100,67,92,78,0,0,"Turun",0
54,86,54,74,0,0,"Naik",0
51,54,52,88,0,0,"Konsisten",0
62,55,61,81,0,0,"Turun",0
53,52,69,77,0,0,"Konsisten",0
76,78,66,73,0,0,"Konsisten",0
68,57,66,71,0,0,"Turun",0
75,88,82,86,1,0,"Naik",1
99,99,53,64,0,0,"Konsisten",0
93,56,88,94,0,0,"Turun",0
38,46,41,47,0,0,"Naik",0
48,37,46,72,0,0,"Turun",0
49,40,31,61,0,0,"Turun",0
75,95,68,96,0,0,"Naik",0
73,54,100,99,0,0,"Turun",0
32,43,36,45,0,0,"Naik",0
46,30,48,60,0,0,"Turun",0
64,66,71,86,0,0,"Konsisten",0
88,97,99,86,1,0,"Naik",1
55,74,66,85,0,0,"Naik",0
98,56,84,90,0,0,"Turun",0
53,64,60,80,0,0,"Naik",0
35,49,42,52,0,0,"Naik",0
38,36,35,34,0,0,"Konsisten",0
84,79,73,78,0,0,"Konsisten",0
91,52,81,92,0,0,"Turun",0
68,97,53,65,0,0,"Naik",0
81,66,92,90,0,0,"Turun",0
64,92,61,98,0,0,"Naik",0
69,55,87,72,0,0,"Turun",0
44,35,48,49,0,0,"Turun",0
53,75,95,83,0,0,"Naik",0
34,35,39,53,0,0,"Konsisten",0
62,85,63,86,0,0,"Naik",0
68,96,94,84,0,0,"Naik",0
72,76,67,83,0,0,"Konsisten",0
53,91,70,100,0,0,"Naik",0
55,88,60,64,0,0,"Naik",0
50,95,51,90,0,0,"Naik",0
54,95,59,72,0,0,"Naik",0
70,87,57,74,0,0,"Naik",0
67,57,71,92,0,0,"Turun",0
72,55,74,85,0,0,"Turun",0
66,78,77,73,0,0,"Naik",0
100,79,59,93,0,0,"Turun",0
61,98,77,77,0,0,"Naik",0
64,74,87,93,0,0,"Naik",0
62,86,92,87,1,0,"Naik",1
65,97,85,77,0,0,"Naik",0
66,99,92,94,1,0,"Naik",1
51,51,86,68,0,1,"Konsisten",0
94,63,85,98,0,0,"Turun",0
98,94,100,97,1,0,"Konsisten",1
66,100,74,70,0,0,"Naik",0
45,46,41,49,0,0,"Konsisten",0
92,75,89,76,0,0,"Turun",0
64,77,92,87,1,0,"Naik",1
66,97,80,72,0,0,"Naik",0
78,57,51,68,0,0,"Turun",0
92,88,60,98,0,0,"Konsisten",0
93,54,78,86,0,0,"Turun",0
84,92,73,63,0,0,"Naik",0
83,57,96,78,0,0,"Turun",0
89,83,88,61,0,0,"Turun",0
63,92,75,65,0,0,"Naik",0
45,47,33,40,0,0,"Konsisten",0
49,30,33,45,0,0,"Turun",0
58,71,75,72,0,0,"Naik",0
76,94,90,92,1,0,"Naik",1
81,72,94,76,0,0,"Turun",0
75,56,78,67,0,0,"Turun",0
77,100,70,84,0,0,"Naik",0
87,62,58,78,0,0,"Turun",0
77,79,70,80,0,0,"Konsisten",0
88,65,87,73,0,0,"Turun",0
57,84,93,86,1,0,"Naik",1
31,33,47,55,0,0,"Konsisten",0
84,68,83,72,0,0,"Turun",0
53,85,51,78,0,0,"Naik",0
76,54,92,67,0,1,"Turun",0
53,80,51,61,0,0,"Naik",0
63,100,92,74,0,0,"Naik",0
84,70,88,80,0,0,"Turun",0
66,96,85,94,1,0,"Naik",1
98,95,84,72,0,0,"Konsisten",0
97,64,86,68,0,1,"Turun",0
52,82,68,78,0,0,"Naik",0
99,54,59,90,0,0,"Turun",0
82,61,92,95,0,0,"Turun",0
38,41,34,48,0,0,"Konsisten",0
78,79,55,61,0,0,"Konsisten",0
87,78,72,95,0,0,"Turun",0
79,74,73,89,0,0,"Konsisten",0
62,68,63,83,0,0,"Naik",0
58,58,50,72,0,0,"Konsisten",0
58,90,54,71,0,0,"Naik",0
66,93,54,74,0,0,"Naik",0
83,69,98,76,0,0,"Turun",0
96,65,72,90,0,0,"Turun",0
62,73,51,84,0,0,"Naik",0
80,85,55,67,0,0,"Konsisten",0
70,79,73,81,0,0,"Naik",0
56,62,77,85,0,0,"Naik",0
94,88,53,94,0,0,"Turun",0
65,94,76,60,0,0,"Naik",0
58,93,57,93,0,0,"Naik",0
71,69,54,64,0,0,"Konsisten",0
80,75,56,89,0,0,"Konsisten",0
39,47,42,73,0,0,"Naik",0
37,33,42,57,0,0,"Konsisten",0
46,43,39,60,0,0,"Konsisten",0
85,71,62,69,0,0,"Turun",0
35,30,42,38,0,0,"Konsisten",0
83,72,55,60,0,0,"Turun",0
66,64,70,60,0,0,"Konsisten",0
61,57,66,94,0,0,"Konsisten",0
81,100,90,85,1,0,"Naik",1
55,78,97,97,1,0,"Naik",1
69,96,95,87,1,0,"Naik",1
75,52,61,96,0,0,"Turun",0
82,77,92,65,0,0,"Konsisten",0
93,89,84,64,0,0,"Konsisten",0
69,51,63,75,0,0,"Turun",0
59,83,94,72,0,0,"Naik",0
56,90,71,80,0,0,"Naik",0
98,51,80,71,0,0,"Turun",0
41,31,30,50,0,0,"Turun",0
70,57,62,66,0,0,"Turun",0
61,51,95,91,0,0,"Turun",0
76,94,100,84,0,0,"Naik",0
99,73,80,64,0,0,"Turun",0
50,96,88,100,1,0,"Naik",1
90,82,83,61,0,0,"Turun",0
71,86,59,70,0,0,"Naik",0
53,60,92,67,0,1,"Naik",0
96,84,58,61,0,0,"Turun",0
53,83,59,95,0,0,"Naik",0
64,85,100,74,0,0,"Naik",0
58,87,82,78,0,0,"Naik",0
72,93,52,74,0,0,"Naik",0
81,63,68,66,0,0,"Turun",0
94,74,58,66,0,0,"Turun",0
88,94,91,93,1,0,"Naik",1
68,66,92,72,0,0,"Konsisten",0
98,100,69,73,0,0,"Konsisten",0
50,70,81,82,0,0,"Naik",0
95,61,80,66,0,0,"Turun",0
90,79,90,78,0,0,"Turun",0
37,49,34,54,0,0,"Naik",0
55,65,69,83,0,0,"Naik",0
85,61,79,73,0,0,"Turun",0
58,96,97,66,0,0,"Naik",0
86,64,98,74,0,0,"Turun",0
78,61,93,72,0,0,"Turun",0
86,82,55,76,0,0,"Konsisten",0
86,70,92,60,0,1,"Turun",0
42,48,35,48,0,0,"Naik",0
85,63,92,77,0,0,"Turun",0
96,55,54,96,0,0,"Turun",0
84,56,79,61,0,0,"Turun",0
31,37,30,49,0,0,"Naik",0
63,68,65,87,0,0,"Konsisten",0
67,77,76,78,0,0,"Naik",0
73,60,51,82,0,0,"Turun",0
73,82,64,78,0,0,"Naik",0
59,70,76,89,0,0,"Naik",0
94,92,64,80,0,0,"Konsisten",0
53,96,61,72,0,0,"Naik",0
89,77,83,72,0,0,"Turun",0
72,69,88,98,0,0,"Konsisten",0
33,32,34,39,0,0,"Konsisten",0
85,75,71,73,0,0,"Turun",0
50,50,65,96,0,0,"Konsisten",0
67,93,76,74,0,0,"Naik",0
88,85,97,86,1,0,"Konsisten",1
90,69,52,79,0,0,"Turun",0
44,41,38,74,0,0,"Konsisten",0
83,50,89,93,0,0,"Turun",0
67,67,62,83,0,0,"Konsisten",0
60,64,93,74,0,0,"Konsisten",0
61,67,88,96,0,0,"Naik",0
94,76,100,87,1,0,"Turun",1
54,99,57,96,0,0,"Naik",0
67,55,84,86,0,0,"Turun",0
95,95,89,65,0,0,"Konsisten",0
66,83,93,98,1,0,"Naik",1
88,72,73,92,0,0,"Turun",0
51,69,69,70,0,0,"Naik",0
75,91,100,77,0,0,"Naik",0
79,59,92,89,0,0,"Turun",0
40,30,44,44,0,0,"Turun",0
86,82,96,96,1,0,"Konsisten",1
96,93,51,88,0,0,"Konsisten",0
80,95,73,79,0,0,"Naik",0
100,61,95,71,0,0,"Turun",0
44,41,33,49,0,0,"Konsisten",0
66,97,87,93,1,0,"Naik",1
39,48,47,61,0,0,"Naik",0
57,76,70,100,0,0,"Naik",0
75,60,96,62,0,1,"Turun",0
60,86,59,82,0,0,"Naik",0
35,37,47,38,0,0,"Konsisten",0
80,85,96,70,0,0,"Konsisten",0
93,70,87,73,0,0,"Turun",0
32,46,43,46,0,0,"Naik",0
32,45,37,31,0,0,"Naik",0
89,85,56,100,0,0,"Konsisten",0
81,81,76,93,0,0,"Konsisten",0
92,55,90,69,0,1,"Turun",0
87,59,99,67,0,1,"Turun",0
74,75,50,60,0,0,"Konsisten",0
87,75,61,69,0,0,"Turun",0
91,91,99,93,1,0,"Konsisten",1
65,91,57,84,0,0,"Naik",0
72,75,82,68,0,0,"Konsisten",0
60,67,77,85,0,0,"Naik",0
84,60,55,75,0,0,"Turun",0
90,70,71,100,0,0,"Turun",0
96,53,99,76,0,0,"Turun",0
66,62,52,74,0,0,"Konsisten",0
63,89,64,61,0,0,"Naik",0
69,59,66,82,0,0,"Turun",0
77,52,75,77,0,0,"Turun",0
81,91,83,97,1,0,"Naik",1
94,57,50,68,0,0,"Turun",0
60,92,55,81,0,0,"Naik",0
61,60,76,60,0,0,"Konsisten",0
82,97,81,71,0,0,"Naik",0
52,87,52,96,0,0,"Naik",0
36,42,46,67,0,0,"Naik",0
73,65,94,74,0,0,"Turun",0
88,97,97,78,0,0,"Naik",0
92,74,52,80,0,0,"Turun",0
77,50,60,87,0,0,"Turun",0
58,89,50,89,0,0,"Naik",0
54,66,75,65,0,0,"Naik",0
78,68,63,83,0,0,"Turun",0
88,87,64,84,0,0,"Konsisten",0
69,59,50,91,0,0,"Turun",0
31,34,49,63,0,0,"Konsisten",0
79,92,93,99,1,0,"Naik",1
66,63,51,66,0,0,"Konsisten",0
80,54,73,61,0,0,"Turun",0
57,94,65,95,0,0,"Naik",0
34,39,45,47,0,0,"Konsisten",0
48,43,33,50,0,0,"Konsisten",0
83,78,74,78,0,0,"Konsisten",0
54,86,89,98,1,0,"Naik",1
86,57,58,78,0,0,"Turun",0
83,52,50,73,0,0,"Turun",0
94,62,72,81,0,0,"Turun",0
83,68,67,69,0,0,"Turun",0
100,85,70,96,0,0,"Turun",0
94,83,84,86,1,0,"Turun",1
75,73,82,72,0,0,"Konsisten",0
80,50,97,87,0,0,"Turun",0
35,34,36,49,0,0,"Konsisten",0
80,77,86,72,0,0,"Konsisten",0
35,43,33,73,0,0,"Naik",0
61,82,64,85,0,0,"Naik",0
76,61,91,87,0,0,"Turun",0
50,97,61,85,0,0,"Naik",0
99,64,76,68,0,0,"Turun",0
90,72,88,62,0,1,"Turun",0
58,78,87,89,1,0,"Naik",1
68,87,100,70,0,0,"Naik",0
79,58,66,84,0,0,"Turun",0
66,57,68,86,0,0,"Turun",0
97,79,88,90,1,0,"Turun",1
82,72,59,72,0,0,"Turun",0
84,97,64,71,0,0,"Naik",0
53,53,75,97,0,0,"Konsisten",0
51,58,99,88,0,0,"Naik",0
66,82,60,99,0,0,"Naik",0
51,72,67,78,0,0,"Naik",0
58,72,58,69,0,0,"Naik",0
78,83,51,76,0,0,"Konsisten",0
77,93,92,88,1,0,"Naik",1
50,97,80,73,0,0,"Naik",0
83,62,51,77,0,0,"Turun",0
88,51,54,74,0,0,"Turun",0
64,50,95,75,0,0,"Turun",0
51,72,54,82,0,0,"Naik",0
44,47,42,63,0,0,"Konsisten",0
77,90,97,69,0,0,"Naik",0
82,94,80,77,0,0,"Naik",0
49,36,41,68,0,0,"Turun",0
45,48,36,52,0,0,"Konsisten",0
100,76,53,87,0,0,"Turun",0
65,73,91,100,0,0,"Naik",0
80,59,73,89,0,0,"Turun",0
100,58,92,81,0,0,"Turun",0
83,54,79,88,0,0,"Turun",0
98,90,65,62,0,0,"Turun",0
85,92,92,77,0,0,"Naik",0
75,94,92,96,1,0,"Naik",1
92,67,87,83,0,0,"Turun",0
42,36,44,46,0,0,"Turun",0
60,94,85,74,0,0,"Naik",0
57,62,53,97,0,0,"Konsisten",0
45,38,33,55,0,0,"Turun",0
57,91,52,84,0,0,"Naik",0
78,74,60,64,0,0,"Konsisten",0
69,80,83,96,1,0,"Naik",1
59,93,91,70,0,0,"Naik",0
66,74,70,76,0,0,"Naik",0
74,71,51,79,0,0,"Konsisten",0
